num,exchange,symbol,min_qty,min_cost,last_price,c_mult,effective_min_cost,first_timestamp,market_cap
0,binanceusdm,BTCUSDT,0.001,100,56407.5,1,100,1.5679E+12,1.10535E+12
1,binanceusdm,ETHUSDT,0.001,20,3261.22,1,20,1.57481E+12,3.91116E+11
2,binanceusdm,BCHUSDT,0.001,20,290.06,1,20,1.57671E+12,5688165064
3,binanceusdm,XRPUSDT,0.1,5,0.5595,1,5,1.57827E+12,30446345474
4,binanceusdm,EOSUSDT,0.1,5,0.821,1,5,1.57844E+12,915876303
5,binanceusdm,LTCUSDT,0.001,20,74.86,1,20,1.57853E+12,5542680638
6,binanceusdm,TRXUSDT,1,5,0.14084,1,5,1.57905E+12,12375316187
7,binanceusdm,ETCUSDT,0.01,20,28.415,1,20,1.57913E+12,4116556205
8,binanceusdm,LINKUSDT,0.01,20,19.314,1,20,1.57922E+12,11290219865
9,binanceusdm,XLMUSDT,1,5,0.119,1,5,1.57948E+12,3374419257
10,binanceusdm,ADAUSDT,1,5,0.6298,1,5,1.58043E+12,22257453199
11,binanceusdm,XMRUSDT,0.001,5,140.53,1,5,1.58069E+12,2392017643
12,binanceusdm,DASHUSDT,0.001,5,32.31,1,5,1.58077E+12,376283717
13,binanceusdm,ZECUSDT,0.001,5,28.88,1,5,1.58086E+12,469870889
14,binanceusdm,XTZUSDT,0.1,5,1.162,1,5,1.58095E+12,1127444955
15,binanceusdm,BNBUSDT,0.01,5,400.54,1,5,1.58129E+12,59966398738
16,binanceusdm,ATOMUSDT,0.01,5,11.373,1,5,1.58103E+12,4404745476
17,binanceusdm,ONTUSDT,0.1,5,0.2711,1,5,1.58138E+12,236732058
18,binanceusdm,IOTAUSDT,0.1,5,0.2839,1,5,1.58147E+12,891529841
19,binanceusdm,BATUSDT,0.1,5,0.2725,1,5,1.58155E+12,404447235
20,binanceusdm,VETUSDT,1,5,0.05011,1,5,1.58164E+12,3635653931
21,binanceusdm,NEOUSDT,0.01,5,13.507,1,5,1.5819E+12,948125766
22,binanceusdm,QTUMUSDT,0.1,5,3.459,1,5,1.58216E+12,360993642
23,binanceusdm,IOSTUSDT,1,5,0.010233,1,5,1.58224E+12,217717444
24,binanceusdm,THETAUSDT,0.1,5,2.1128,1,5,1.59054E+12,2118524185
25,binanceusdm,ALGOUSDT,0.1,5,0.2114,1,5,1.59227E+12,1696533730
26,binanceusdm,ZILUSDT,1,5,0.02618,1,5,1.59244E+12,452851143
27,binanceusdm,KNCUSDT,1,5,0.7,1,5,1.59278E+12,125454399
28,binanceusdm,ZRXUSDT,0.1,5,0.3772,1,5,1.59296E+12,318030900
29,binanceusdm,COMPUSDT,0.001,5,78.98,1,5,1.59348E+12,632525913
30,binanceusdm,OMGUSDT,0.1,5,0.7814,1,5,1.59365E+12,109263462
31,binanceusdm,DOGEUSDT,1,5,0.09034,1,5,1.59434E+12,12916687041
32,binanceusdm,SXPUSDT,0.1,5,0.3799,1,5,1.59529E+12,225803195
33,binanceusdm,KAVAUSDT,0.1,5,0.8239,1,5,1.59589E+12,888385285
34,binanceusdm,BANDUSDT,0.1,5,2.1966,1,5,1.59598E+12,305323990
35,binanceusdm,RLCUSDT,0.1,5,3.9735,1,5,1.59615E+12,286851281
36,binanceusdm,WAVESUSDT,0.1,5,2.5517,1,5,1.59719E+12,289884714
37,binanceusdm,MKRUSDT,0.001,5,2151.2,1,5,1.59728E+12,1975660682
38,binanceusdm,SNXUSDT,0.1,5,4.106,1,5,1.59736E+12,1241629133
39,binanceusdm,DOTUSDT,0.1,5,8.137,1,5,1.59805E+12,10416964559
40,binanceusdm,DEFIUSDT,0.001,5,1053.8,1,5,1.59857E+12,#N/A
41,binanceusdm,YFIUSDT,0.001,5,8516,1,8.516,1.59883E+12,283942166
42,binanceusdm,BALUSDT,0.1,5,4.933,1,5,1.59892E+12,271255600
43,binanceusdm,CRVUSDT,0.1,5,0.609,1,5,1.59892E+12,682091526
44,binanceusdm,TRBUSDT,0.1,5,117.126,1,11.7126,1.59909E+12,298716881
45,binanceusdm,RUNEUSDT,1,5,5.954,1,5.954,1.59918E+12,2020844454
46,binanceusdm,SUSHIUSDT,1,5,1.592,1,5,1.59918E+12,366248397
47,binanceusdm,EGLDUSDT,0.1,5,61.02,1,6.102,1.60004E+12,1618357363
48,binanceusdm,SOLUSDT,1,5,111.788,1,111.788,1.60004E+12,49135391677
49,binanceusdm,ICXUSDT,1,5,0.2653,1,5,1.60013E+12,259749424
50,binanceusdm,STORJUSDT,1,5,0.7358,1,5,1.60021E+12,299191658
51,binanceusdm,BLZUSDT,1,5,0.37926,1,5,1.6003E+12,161587862
52,binanceusdm,UNIUSDT,1,5,10.612,1,10.612,1.60039E+12,6327837340
53,binanceusdm,AVAXUSDT,1,5,39.842,1,39.842,1.60082E+12,14974239818
54,binanceusdm,FTMUSDT,1,5,0.4456,1,5,1.60091E+12,1243604919
55,binanceusdm,ENJUSDT,1,5,0.3734,1,5,1.60134E+12,512228528
56,binanceusdm,FLMUSDT,1,5,0.1007,1,5,1.60134E+12,56521784
57,binanceusdm,RENUSDT,1,5,0.07924,1,5,1.60255E+12,78924957
58,binanceusdm,KSMUSDT,0.1,5,50.3,1,5.03,1.60263E+12,422574387
59,binanceusdm,NEARUSDT,1,5,4.078,1,5,1.60272E+12,4239663324
60,binanceusdm,AAVEUSDT,0.1,5,103.95,1,10.395,1.60281E+12,1526907559
61,binanceusdm,FILUSDT,0.1,5,8.259,1,5,1.60281E+12,4236623642
62,binanceusdm,RSRUSDT,1,5,0.003607,1,5,1.60307E+12,181762481
63,binanceusdm,LRCUSDT,1,5,0.2924,1,5,1.60307E+12,398293815
64,binanceusdm,MATICUSDT,1,5,1.0753,1,5,1.60332E+12,10297831372
65,binanceusdm,OCEANUSDT,1,5,0.7289,1,5,1.60436E+12,411914471
66,binanceusdm,BELUSDT,1,5,0.7749,1,5,1.60566E+12,50239433
67,binanceusdm,CTKUSDT,1,5,0.805,1,5,1.60574E+12,105684180
68,binanceusdm,AXSUSDT,1,5,8.737,1,8.737,1.60583E+12,1196696445
69,binanceusdm,ALPHAUSDT,1,5,0.14372,1,5,1.60609E+12,121311067
70,binanceusdm,ZENUSDT,0.1,5,10.95,1,5,1.60618E+12,160625492
71,binanceusdm,SKLUSDT,1,5,0.09269,1,5,1.60739E+12,476291085
72,binanceusdm,GRTUSDT,1,5,0.2884,1,5,1.60834E+12,2707122402
73,binanceusdm,1INCHUSDT,1,5,0.4954,1,5,1.60885E+12,563349079
74,binanceusdm,CHZUSDT,1,5,0.13923,1,5,1.61119E+12,1232549982
75,binanceusdm,SANDUSDT,1,5,0.546,1,5,1.61153E+12,1216416967
76,binanceusdm,ANKRUSDT,1,5,0.03352,1,5,1.61162E+12,331965626
77,binanceusdm,LITUSDT,0.1,5,1.254,1,5,1.61361E+12,49460763
78,binanceusdm,UNFIUSDT,0.1,5,7.271,1,5,1.61369E+12,45529990
79,binanceusdm,REEFUSDT,1,5,0.00194,1,5,1.61395E+12,44238567
80,binanceusdm,RVNUSDT,1,5,0.02651,1,5,1.61404E+12,357651994
81,binanceusdm,SFPUSDT,1,5,0.8224,1,5,1.61412E+12,376048664
82,binanceusdm,XEMUSDT,1,5,0.0395,1,5,1.61473E+12,353528126
83,binanceusdm,COTIUSDT,1,5,0.26087,1,5,1.61533E+12,398842839
84,binanceusdm,CHRUSDT,1,5,0.4371,1,5,1.61551E+12,342706937
85,binanceusdm,MANAUSDT,1,5,0.5404,1,5,1.61577E+12,1018416378
86,binanceusdm,ALICEUSDT,0.1,5,1.846,1,5,1.61585E+12,125105655
87,binanceusdm,HBARUSDT,1,5,0.11226,1,5,1.61594E+12,3772406019
88,binanceusdm,ONEUSDT,1,5,0.02355,1,5,1.61603E+12,320905663
89,binanceusdm,LINAUSDT,1,5,0.01038,1,5,1.61611E+12,62351970
90,binanceusdm,STMXUSDT,1,5,0.00838,1,5,1.61637E+12,83657338
91,binanceusdm,DENTUSDT,1,5,0.001576,1,5,1.61654E+12,157244772
92,binanceusdm,CELRUSDT,1,5,0.02704,1,5,1.61698E+12,208805233
93,binanceusdm,HOTUSDT,1,5,0.002572,1,5,1.61706E+12,442430594
94,binanceusdm,MTLUSDT,1,5,1.6401,1,5,1.61715E+12,108972445
95,binanceusdm,OGNUSDT,1,5,0.1851,1,5,1.61724E+12,105701780
96,binanceusdm,NKNUSDT,1,5,0.14286,1,5,1.61793E+12,107616196
97,binanceusdm,DGBUSDT,1,5,0.0131,1,5,1.61896E+12,219814435
98,binanceusdm,1000SHIBUSDT,1,5,0.010192,1,5,1.6206E+12,5980314124
99,binanceusdm,BAKEUSDT,1,5,0.4319,1,5,1.62138E+12,124823922
100,binanceusdm,GTCUSDT,0.1,5,1.598,1,5,1.62337E+12,105512290
101,binanceusdm,BTCDOMUSDT,0.001,5,2146.6,1,5,1.62423E+12,#N/A
102,binanceusdm,IOTXUSDT,1,5,0.06281,1,5,1.62873E+12,589296088
103,binanceusdm,AUDIOUSDT,1,5,0.284,1,5,1.62933E+12,338569997
104,binanceusdm,C98USDT,1,5,0.4024,1,5,1.62976E+12,287322430
105,binanceusdm,MASKUSDT,1,5,4.45,1,5,1.63002E+12,425756515
106,binanceusdm,ATAUSDT,1,5,0.1514,1,5,1.63037E+12,69834616
107,binanceusdm,DYDXUSDT,0.1,5,3.419,1,5,1.63123E+12,#N/A
108,binanceusdm,1000XECUSDT,1,5,0.03553,1,5,1.63184E+12,696253759
109,binanceusdm,GALAUSDT,1,5,0.03346,1,5,1.63192E+12,923828205
110,binanceusdm,CELOUSDT,0.1,5,0.961,1,5,1.6327E+12,505591178
111,binanceusdm,ARUSDT,0.1,5,16.549,1,5,1.63279E+12,1079908995
112,binanceusdm,KLAYUSDT,0.1,5,0.2344,1,5,1.634E+12,815931309
113,binanceusdm,ARPAUSDT,1,5,0.07,1,5,1.6346E+12,86861149
114,binanceusdm,CTSIUSDT,1,5,0.3542,1,5,1.63521E+12,275563233
115,binanceusdm,LPTUSDT,0.1,5,14.303,1,5,1.63659E+12,441382431
116,binanceusdm,ENSUSDT,0.1,5,22.752,1,5,1.63823E+12,695980231
117,binanceusdm,PEOPLEUSDT,1,5,0.03291,1,5,1.6403E+12,166343449
118,binanceusdm,ANTUSDT,0.1,5,8.256,1,5,1.64056E+12,354496594
119,binanceusdm,ROSEUSDT,1,5,0.13137,1,5,1.64091E+12,878365656
120,binanceusdm,DUSKUSDT,1,5,0.31931,1,5,1.64151E+12,133911760
121,binanceusdm,FLOWUSDT,0.1,5,1.086,1,5,1.64445E+12,1613179238
122,binanceusdm,IMXUSDT,1,5,3.4041,1,5,1.64454E+12,4701800331
123,binanceusdm,API3USDT,0.1,5,4.1143,1,5,1.64549E+12,354915089
124,binanceusdm,GMTUSDT,1,5,0.2814,1,5,1.6473E+12,492192309
125,binanceusdm,APEUSDT,1,5,1.9734,1,5,1.64748E+12,1188721700
126,binanceusdm,WOOUSDT,1,5,0.52077,1,5,1.64938E+12,949328814
127,binanceusdm,JASMYUSDT,1,5,0.015965,1,5,1.65041E+12,788655363
128,binanceusdm,DARUSDT,0.1,5,0.2203,1,5,1.65119E+12,100673865
129,binanceusdm,GALUSDT,1,5,3.33,1,5,1.65171E+12,349405487
130,binanceusdm,OPUSDT,0.1,5,3.9273,1,5,1.65404E+12,3740906185
131,binanceusdm,INJUSDT,0.1,5,37.375,1,5,1.66069E+12,3478098987
132,binanceusdm,STGUSDT,1,5,0.678,1,5,1.66139E+12,138017886
133,binanceusdm,FOOTBALLUSDT,0.01,5,498.93,1,5,1.66199E+12,#N/A
134,binanceusdm,SPELLUSDT,1,5,0.000967,1,5,1.66242E+12,103652973
135,binanceusdm,1000LUNCUSDT,1,5,0.13126,1,5,1.66268E+12,756934410
136,binanceusdm,LUNA2USDT,1,5,0.7002,1,5,1.66277E+12,#N/A
137,binanceusdm,LDOUSDT,1,5,3.6137,1,5,1.6638E+12,3203585454
138,binanceusdm,CVXUSDT,1,5,5.004,1,5.004,1.6638E+12,467273055
139,binanceusdm,ICPUSDT,1,5,13.271,1,13.271,1.66424E+12,6075475542
140,binanceusdm,APTUSDT,0.1,5,10.4,1,5,1.66614E+12,3797843551
141,binanceusdm,QNTUSDT,0.1,5,111.9,1,11.19,1.66622E+12,1347915713
142,binanceusdm,BLUEBIRDUSDT,0.1,5,10.272,1,5,1.66735E+12,#N/A
143,binanceusdm,FETUSDT,1,5,1.1075,1,5,1.67391E+12,913937680
144,binanceusdm,FXSUSDT,0.1,5,9.276,1,5,1.67417E+12,713618264
145,binanceusdm,HOOKUSDT,0.1,5,1.2028,1,5,1.67443E+12,150852619
146,binanceusdm,MAGICUSDT,0.1,5,1.319,1,5,1.6746E+12,340101889
147,binanceusdm,TUSDT,1,5,0.03119,1,5,1.67521E+12,298467700
148,binanceusdm,RNDRUSDT,0.1,5,7.6479,1,5,1.67538E+12,2870765252
149,binanceusdm,HIGHUSDT,0.1,5,1.7986,1,5,1.67573E+12,90336232
150,binanceusdm,MINAUSDT,1,5,1.3469,1,5,1.67573E+12,1420222959
151,binanceusdm,ASTRUSDT,1,5,0.16588,1,5,1.67633E+12,918824467
152,binanceusdm,AGIXUSDT,1,5,0.7145,1,5,1.67651E+12,892672937
153,binanceusdm,PHBUSDT,1,5,1.8234,1,5,1.67651E+12,87726536
154,binanceusdm,GMXUSDT,0.01,5,52.94,1,5,1.67659E+12,497372561
155,binanceusdm,CFXUSDT,1,5,0.2541,1,5,1.67685E+12,949579607
156,binanceusdm,STXUSDT,1,5,3.0856,1,5,1.67694E+12,4457586356
157,binanceusdm,BNXUSDT,0.1,5,0.3128,1,5,1.67702E+12,105069636
158,binanceusdm,ACHUSDT,1,5,0.02611,1,5,1.67702E+12,192136072
159,binanceusdm,SSVUSDT,0.01,5,35.03,1,5,1.6772E+12,347881841
160,binanceusdm,CKBUSDT,1,5,0.015385,1,5,1.67754E+12,670517952
161,binanceusdm,PERPUSDT,0.1,5,1.485,1,5,1.67806E+12,97791199
162,binanceusdm,TRUUSDT,1,5,0.06954,1,5,1.67815E+12,76019224
163,binanceusdm,LQTYUSDT,0.1,5,1.6293,1,5,1.67841E+12,154946659
164,binanceusdm,USDCUSDT,1,5,0.99943,1,5,1.67858E+12,28521472001
165,binanceusdm,IDUSDT,1,5,0.6064,1,5,1.67953E+12,293900578
166,binanceusdm,ARBUSDT,0.1,5,1.9558,1,5,1.67953E+12,2474958780
167,binanceusdm,JOEUSDT,1,5,0.5748,1,5,1.68005E+12,210989826
168,binanceusdm,TLMUSDT,1,5,0.021399,1,5,1.68013E+12,85582585
169,binanceusdm,AMBUSDT,1,5,0.010967,1,5,1.68013E+12,34003687
170,binanceusdm,LEVERUSDT,1,5,0.0019596,1,5,1.68013E+12,56548412
171,binanceusdm,RDNTUSDT,1,5,0.3889,1,5,1.68065E+12,176243850
172,binanceusdm,HFTUSDT,1,5,0.4257,1,5,1.68074E+12,150894232
173,binanceusdm,XVSUSDT,0.1,5,12.758,1,5,1.68134E+12,200024537
174,binanceusdm,BLURUSDT,1,5,0.7684,1,5,1.68264E+12,1092051920
175,binanceusdm,EDUUSDT,1,5,0.8561,1,5,1.68281E+12,232788047
176,binanceusdm,IDEXUSDT,1,5,0.06953,1,5,1.68307E+12,55955676
177,binanceusdm,SUIUSDT,0.1,5,1.6885,1,5,1.68307E+12,1958877071
178,binanceusdm,1000PEPEUSDT,1,5,0.0019718,1,5,1.68324E+12,778346844
179,binanceusdm,1000FLOKIUSDT,1,5,0.04282,1,5,1.68333E+12,404550842
180,binanceusdm,UMAUSDT,1,5,4.209,1,5,1.68368E+12,329515447
181,binanceusdm,RADUSDT,1,5,2.069,1,5,1.68368E+12,106322838
182,binanceusdm,KEYUSDT,1,5,0.007622,1,5,1.68489E+12,40436878
183,binanceusdm,COMBOUSDT,0.1,5,0.9088,1,5,1.68566E+12,64336427
184,binanceusdm,NMRUSDT,0.1,5,32.06,1,5,1.68739E+12,198652590
185,binanceusdm,MAVUSDT,1,5,0.7162,1,5,1.688E+12,178335688
186,binanceusdm,MDTUSDT,1,5,0.07753,1,5,1.68808E+12,52245022
187,binanceusdm,XVGUSDT,1,5,0.007931,1,5,1.68852E+12,130299636
188,binanceusdm,WLDUSDT,1,5,7.8401,1,7.8401,1.69016E+12,1070326475
189,binanceusdm,PENDLEUSDT,1,5,2.914,1,5,1.6905E+12,689648026
190,binanceusdm,ARKMUSDT,1,5,1.6436,1,5,1.6905E+12,244643294
191,binanceusdm,AGLDUSDT,1,5,1.482,1,5,1.69059E+12,114231994
192,binanceusdm,YGGUSDT,1,5,0.5774,1,5,1.69119E+12,181205734
193,binanceusdm,DODOXUSDT,1,5,0.214758,1,5,1.69145E+12,#N/A
194,binanceusdm,BNTUSDT,1,5,0.8426,1,5,1.69163E+12,111809604
195,binanceusdm,OXTUSDT,1,5,0.13599,1,5,1.69171E+12,132891365
196,binanceusdm,SEIUSDT,1,5,0.924,1,5,1.69223E+12,2339580806
197,binanceusdm,CYBERUSDT,0.1,5,9.217,1,5,1.69258E+12,181167039
198,binanceusdm,HIFIUSDT,1,5,0.6861,1,5,1.69482E+12,80262018
199,binanceusdm,ARKUSDT,1,5,0.8675,1,5,1.69508E+12,157447091
200,binanceusdm,FRONTUSDT,1,5,0.6097,1,5,1.69534E+12,54732564
201,binanceusdm,GLMRUSDT,1,5,0.4536,1,5,1.69569E+12,377903349
202,binanceusdm,BICOUSDT,1,5,0.3932,1,5,1.69586E+12,255919248
203,binanceusdm,STRAXUSDT,1,5,1.1547,1,5,1.69698E+12,185434979
204,binanceusdm,LOOMUSDT,1,5,0.1029,1,5,1.69698E+12,125510325
205,binanceusdm,BIGTIMEUSDT,1,5,0.4154,1,5,1.69707E+12,196808143
206,binanceusdm,BONDUSDT,0.1,5,3.751,1,5,1.69733E+12,29628380
207,binanceusdm,ORBSUSDT,1,5,0.04008,1,5,1.6975E+12,126584234
208,binanceusdm,STPTUSDT,1,5,0.05996,1,5,1.69759E+12,116315429
209,binanceusdm,WAXPUSDT,1,5,0.06677,1,5,1.69759E+12,227440914
210,binanceusdm,BSVUSDT,0.1,5,80.98,1,8.098,1.69776E+12,1589826912
211,binanceusdm,RIFUSDT,1,5,0.2348,1,5,1.69785E+12,232628385
212,binanceusdm,POLYXUSDT,1,5,0.19668,1,5,1.69819E+12,161170137
213,binanceusdm,GASUSDT,0.1,5,6.45,1,5,1.69819E+12,429395420
214,binanceusdm,POWRUSDT,1,5,0.3616,1,5,1.69836E+12,184839377
215,binanceusdm,SLPUSDT,1,5,0.004215,1,5,1.69871E+12,174169747
216,binanceusdm,TIAUSDT,1,5,16.9849,1,16.9849,1.69871E+12,2813551282
217,binanceusdm,SNTUSDT,1,5,0.04323,1,5,1.69888E+12,167362379
218,binanceusdm,CAKEUSDT,1,5,3.2589,1,5,1.69888E+12,767521271
219,binanceusdm,MEMEUSDT,1,5,0.031207,1,5,1.69897E+12,325344850
220,binanceusdm,TWTUSDT,1,5,1.3423,1,5,1.69897E+12,557522715
221,binanceusdm,TOKENUSDT,1,5,0.0376,1,5,1.69897E+12,37624019
222,binanceusdm,ORDIUSDT,0.1,5,69.337,1,6.9337,1.69932E+12,1449177073
223,binanceusdm,STEEMUSDT,1,5,0.2569,1,5,1.6994E+12,119001565
224,binanceusdm,BADGERUSDT,1,5,4.676,1,5,1.69949E+12,86763228
225,binanceusdm,ILVUSDT,0.1,5,113.77,1,11.377,1.69957E+12,426024749
226,binanceusdm,NTRNUSDT,1,5,1.8846,1,5,1.69992E+12,526436349
227,binanceusdm,MBLUSDT,1,5,0.004776,1,5,1.69992E+12,84648716
228,binanceusdm,KASUSDT,1,5,0.17288,1,5,1.70018E+12,3936003632
229,binanceusdm,BEAMXUSDT,1,5,0.034745,1,5,1.70018E+12,#N/A
230,binanceusdm,1000BONKUSDT,1,5,0.013622,1,5,1.70061E+12,820154994
231,binanceusdm,PYTHUSDT,1,5,0.6458,1,5,1.70061E+12,909866822
232,binanceusdm,SUPERUSDT,1,5,1.0962,1,5,1.70096E+12,531787451
233,binanceusdm,USTCUSDT,1,5,0.03665,1,5,1.70104E+12,327421988
234,binanceusdm,ONGUSDT,1,5,0.354,1,5,1.70104E+12,131145154
235,binanceusdm,ETHWUSDT,1,5,3.241,1,5,1.70113E+12,347758074
236,binanceusdm,JTOUSDT,1,5,2.3265,1,5,1.70199E+12,271855423
237,binanceusdm,1000SATSUSDT,1,5,0.0005121,1,5,1.70234E+12,#N/A
238,binanceusdm,AUCTIONUSDT,0.01,5,30.23,1,5,1.7026E+12,196094662
239,binanceusdm,1000RATSUSDT,1,5,0.27416,1,5,1.7026E+12,#N/A
240,binanceusdm,ACEUSDT,0.01,5,11.514,1,5,1.70286E+12,252100216
241,binanceusdm,MOVRUSDT,0.01,5,23.338,1,5,1.70355E+12,206953876
242,binanceusdm,NFPUSDT,0.1,5,0.7364,1,5,1.70364E+12,183847178
243,binanceusdm,AIUSDT,1,5,1.62594,1,5,1.70467E+12,211431947
244,binanceusdm,XAIUSDT,1,5,1.4909,1,5,1.70476E+12,411779452
245,binanceusdm,WIFUSDT,0.1,5,0.5347,1,5,1.70554E+12,532762246
246,binanceusdm,MANTAUSDT,0.1,5,3.0167,1,5,1.70554E+12,753367423
247,binanceusdm,ONDOUSDT,0.1,5,0.4213,1,5,1.70571E+12,578683030
248,binanceusdm,LSKUSDT,1,5,1.3822,1,5,1.70614E+12,177877074
249,binanceusdm,ALTUSDT,1,5,0.55114,1,5,1.70614E+12,545336613
250,binanceusdm,JUPUSDT,1,5,0.5084,1,5,1.70666E+12,680850928
251,binanceusdm,ZETAUSDT,1,5,2.5978,1,5,1.70683E+12,609636612
252,binanceusdm,RONINUSDT,0.1,5,3.117,1,5,1.70718E+12,#N/A
253,binanceusdm,DYMUSDT,0.1,5,6.248,1,5,1.70726E+12,908160498
254,binanceusdm,OMUSDT,0.1,5,0.22813,1,5,1.70778E+12,180718261
255,binanceusdm,PIXELUSDT,1,5,0.5748,1,5,1.7083E+12,441300984
256,binanceusdm,STRKUSDT,0.1,5,1.9482,1,5,1.70839E+12,1412291217
257,binanceusdm,MAVIAUSDT,0.1,5,7.3338,1,5,1.70847E+12,219523942
258,binanceusdm,GLMUSDT,1,5,0.405,1,5,1.70856E+12,401613397
259,bybit,10000LADYSUSDT,100,0,0.0007529,1,0.07529,1.68376E+12,#N/A
260,bybit,10000NFTUSDT,10,0,0.004466,1,0.04466,1.64298E+12,#N/A
261,bybit,10000SATSUSDT,100,0,0.005127,1,0.5127,1.70009E+12,#N/A
262,bybit,10000STARLUSDT,10,0,0.03062,1,0.3062,1.69776E+12,#N/A
263,bybit,10000WENUSDT,1,0,0.9093,1,0.9093,1.70666E+12,#N/A
264,bybit,1000BONKUSDT,100,0,0.013611,1,1.3611,1.67296E+12,820154994
265,bybit,1000BTTUSDT,100,0,0.0011302,1,0.11302,1.64575E+12,1092055795
266,bybit,1000FLOKIUSDT,1,0,0.04284,1,0.04284,1.6772E+12,404550842
267,bybit,1000LUNCUSDT,1,0,0.13127,1,0.13127,1.66268E+12,756934410
268,bybit,1000PEPEUSDT,100,0,0.0019372,1,0.19372,1.68307E+12,778346844
269,bybit,1000RATSUSDT,10,0,0.27498,1,2.7498,1.70061E+12,#N/A
270,bybit,1000XECUSDT,10,0,0.03554,1,0.3554,1.64981E+12,696253759
271,bybit,1CATUSDT,10,0,0.007467,1,0.07467,1.70364E+12,#N/A
272,bybit,1INCHUSDT,0.1,0,0.4955,1,0.04955,1.63875E+12,563349079
273,bybit,AAVEUSDT,0.01,0,103.99,1,1.0399,1.62086E+12,1526907559
274,bybit,ACEUSDT,0.1,0,11.543,1,1.1543,1.70286E+12,252100216
275,bybit,ACHUSDT,10,0,0.02613,1,0.2613,1.64938E+12,192136072
276,bybit,ADAUSDT,1,0,0.6298,1,0.6298,1.61603E+12,22257453199
277,bybit,AERGOUSDT,1,0,0.1522,1,0.1522,1.70009E+12,68960718
278,bybit,AGIUSDT,10,0,0.25297,1,2.5297,1.70018E+12,149497966
279,bybit,AGIXUSDT,1,0,0.715,1,0.715,1.6759E+12,892672937
280,bybit,AGLDUSDT,0.1,0,1.4822,1,0.14822,1.65059E+12,114231994
281,bybit,AIUSDT,0.1,0,1.6291,1,0.16291,1.70545E+12,211431947
282,bybit,AKROUSDT,100,0,0.005864,1,0.5864,1.65344E+12,25888907
283,bybit,ALGOUSDT,0.1,0,0.2114,1,0.02114,1.63236E+12,1696533730
284,bybit,ALICEUSDT,0.1,0,1.845,1,0.1845,1.63512E+12,125105655
285,bybit,ALPACAUSDT,1,0,0.20174,1,0.20174,1.69093E+12,30094409
286,bybit,ALPHAUSDT,1,0,0.14377,1,0.14377,1.6486E+12,121311067
287,bybit,ALTUSDT,1,0,0.5384,1,0.5384,1.70614E+12,545336613
288,bybit,AMBUSDT,10,0,0.010955,1,0.10955,1.68592E+12,34003687
289,bybit,ANKRUSDT,1,0,0.0335,1,0.0335,1.63771E+12,331965626
290,bybit,ANTUSDT,0.1,0,8.262,1,0.8262,1.6397E+12,354496594
291,bybit,APEUSDT,0.1,0,1.9751,1,0.19751,1.64756E+12,1188721700
292,bybit,API3USDT,0.1,0,4.119,1,0.4119,1.64601E+12,354915089
293,bybit,APTUSDT,0.01,0,10.399,1,0.10399,1.66614E+12,3797843551
294,bybit,ARBUSDT,0.1,0,1.9578,1,0.19578,1.67953E+12,2474958780
295,bybit,ARKMUSDT,1,0,1.6436,1,1.6436,1.6905E+12,244643294
296,bybit,ARKUSDT,1,0,0.86865,1,0.86865,1.69085E+12,157447091
297,bybit,ARPAUSDT,10,0,0.06998,1,0.6998,1.65041E+12,86861149
298,bybit,ARUSDT,0.1,0,16.561,1,1.6561,1.63996E+12,1079908995
299,bybit,ASTRUSDT,1,0,0.166155,1,0.166155,1.64903E+12,918824467
300,bybit,ATAUSDT,10,0,0.15155,1,1.5155,1.69145E+12,69834616
301,bybit,ATOMUSDT,0.1,0,11.376,1,1.1376,1.63391E+12,4404745476
302,bybit,AUCTIONUSDT,0.1,0,30.288,1,3.0288,1.6905E+12,196094662
303,bybit,AUDIOUSDT,0.1,0,0.2847,1,0.02847,1.63788E+12,338569997
304,bybit,AVAXUSDT,0.1,0,39.865,1,3.9865,1.63166E+12,14974239818
305,bybit,AXLUSDT,1,0,1.4711,1,1.4711,1.70191E+12,854828535
306,bybit,AXSUSDT,0.1,0,8.749,1,0.8749,1.63037E+12,1196696445
307,bybit,BADGERUSDT,0.1,0,4.6814,1,0.46814,1.69214E+12,86763228
308,bybit,BAKEUSDT,0.1,0,0.4319,1,0.04319,1.64877E+12,124823922
309,bybit,BALUSDT,0.01,0,4.937,1,0.04937,1.64938E+12,271255600
310,bybit,BANDUSDT,0.1,0,2.197,1,0.2197,1.64557E+12,305323990
311,bybit,BATUSDT,0.1,0,0.2727,1,0.02727,1.63771E+12,404447235
312,bybit,BCHUSDT,0.01,0,290.2,1,2.902,1.6079E+12,5688165064
313,bybit,BEAMUSDT,100,0,0.034779,1,3.4779,1.69992E+12,1795801830
314,bybit,BELUSDT,1,0,0.7751,1,0.7751,1.65542E+12,50239433
315,bybit,BICOUSDT,0.1,0,0.3935,1,0.03935,1.63849E+12,255919248
316,bybit,BIGTIMEUSDT,1,0,0.4163,1,0.4163,1.69707E+12,196808143
317,bybit,BLURUSDT,1,0,0.7699,1,0.7699,1.67642E+12,1092051920
318,bybit,BLZUSDT,1,0,0.37972,1,0.37972,1.65447E+12,161587862
319,bybit,BNBUSDT,0.01,0,400.75,1,4.0075,1.62492E+12,59966398738
320,bybit,BNTUSDT,1,0,0.8429,1,0.8429,1.69137E+12,111809604
321,bybit,BNXUSDT,0.1,0,0.3127,1,0.03127,1.67754E+12,105069636
322,bybit,BOBAUSDT,0.1,0,0.27885,1,0.027885,1.64929E+12,47826902
323,bybit,BONDUSDT,0.1,0,3.752,1,0.3752,1.69741E+12,29628380
324,bybit,BSVUSDT,0.01,0,81.06,1,0.8106,1.63909E+12,1589826912
325,bybit,BSWUSDT,1,0,0.13121,1,0.13121,1.64799E+12,57884419
326,bybit,BTCUSDT,0.001,0,56416.6,1,56.4166,1.58509E+12,1.10535E+12
327,bybit,C98USDT,0.1,0,0.4027,1,0.04027,1.63512E+12,287322430
328,bybit,CAKEUSDT,0.1,0,3.263,1,0.3263,1.69897E+12,767521271
329,bybit,CEEKUSDT,1,0,0.05405,1,0.05405,1.6581E+12,43304491
330,bybit,CELOUSDT,0.1,0,0.9609,1,0.09609,1.64134E+12,505591178
331,bybit,CELRUSDT,1,0,0.02701,1,0.02701,1.63512E+12,208805233
332,bybit,CETUSUSDT,1,0,0.11115,1,0.11115,1.70709E+12,31154683
333,bybit,CFXUSDT,1,0,0.25425,1,0.25425,1.67694E+12,949579607
334,bybit,CHRUSDT,0.1,0,0.4376,1,0.04376,1.63719E+12,342706937
335,bybit,CHZUSDT,1,0,0.1393,1,0.1393,1.634E+12,1232549982
336,bybit,CKBUSDT,10,0,0.015329,1,0.15329,1.64488E+12,670517952
337,bybit,COMBOUSDT,0.1,0,0.9093,1,0.09093,1.68618E+12,64336427
338,bybit,COMPUSDT,0.01,0,79.04,1,0.7904,1.63037E+12,632525913
339,bybit,COREUSDT,0.1,0,0.6503,1,0.06503,1.6759E+12,561789317
340,bybit,COTIUSDT,1,0,0.25975,1,0.25975,1.63849E+12,398842839
341,bybit,CROUSDT,1,0,0.0994,1,0.0994,1.63763E+12,2497187717
342,bybit,CRVUSDT,0.1,0,0.6088,1,0.06088,1.63512E+12,682091526
343,bybit,CTCUSDT,1,0,0.55705,1,0.55705,1.65275E+12,179280540
344,bybit,CTKUSDT,0.1,0,0.8066,1,0.08066,1.63849E+12,105684180
345,bybit,CTSIUSDT,1,0,0.35434,1,0.35434,1.64799E+12,275563233
346,bybit,CVCUSDT,1,0,0.11871,1,0.11871,1.63832E+12,118644467
347,bybit,CVXUSDT,0.01,0,5.006,1,0.05006,1.65041E+12,467273055
348,bybit,CYBERUSDT,0.1,0,9.222,1,0.9222,1.69214E+12,181167039
349,bybit,DARUSDT,0.1,0,0.2204,1,0.02204,1.65145E+12,100673865
350,bybit,DASHUSDT,0.01,0,32.3,1,0.323,1.634E+12,376283717
351,bybit,DATAUSDT,10,0,0.07176,1,0.7176,1.70303E+12,71820508
352,bybit,DENTUSDT,100,0,0.0015762,1,0.15762,1.64212E+12,157244772
353,bybit,DGBUSDT,10,0,0.013053,1,0.13053,1.64843E+12,219814435
354,bybit,DODOUSDT,1,0,0.21476,1,0.21476,1.65059E+12,131538109
355,bybit,DOGEUSDT,1,0,0.09031,1,0.09031,1.62259E+12,12916687041
356,bybit,DOTUSDT,0.1,0,8.136,1,0.8136,1.61603E+12,10416964559
357,bybit,DUSKUSDT,1,0,0.31919,1,0.31919,1.6397E+12,133911760
358,bybit,DYDXUSDT,0.1,0,3.419,1,0.3419,1.63391E+12,#N/A
359,bybit,DYMUSDT,0.1,0,6.258,1,0.6258,1.70726E+12,908160498
360,bybit,EDUUSDT,0.1,0,0.857,1,0.0857,1.68324E+12,232788047
361,bybit,EGLDUSDT,0.01,0,61.09,1,0.6109,1.63763E+12,1618357363
362,bybit,ENJUSDT,0.1,0,0.3749,1,0.03749,1.63572E+12,512228528
363,bybit,ENSUSDT,0.1,0,22.769,1,2.2769,1.63668E+12,695980231
364,bybit,EOSUSDT,0.1,0,0.8213,1,0.08213,1.62492E+12,915876303
365,bybit,ETCUSDT,0.1,0,28.462,1,2.8462,1.62492E+12,4116556205
366,bybit,ETHUSDT,0.01,0,3261.95,1,32.6195,1.61577E+12,3.91116E+11
367,bybit,ETHWUSDT,0.01,0,3.244,1,0.03244,1.66329E+12,347758074
368,bybit,FETUSDT,1,0,1.10675,1,1.10675,1.6759E+12,913937680
369,bybit,FILUSDT,0.1,0,8.253,1,0.8253,1.62492E+12,4236623642
370,bybit,FITFIUSDT,1,0,0.007075,1,0.007075,1.65214E+12,17860319
371,bybit,FLMUSDT,1,0,0.10086,1,0.10086,1.65145E+12,56521784
372,bybit,FLOWUSDT,0.1,0,1.0902,1,0.10902,1.63788E+12,1613179238
373,bybit,FLRUSDT,10,0,0.05189,1,0.5189,1.67901E+12,1800058014
374,bybit,FORTHUSDT,0.1,0,4.3134,1,0.43134,1.69085E+12,64362348
375,bybit,FRONTUSDT,1,0,0.61033,1,0.61033,1.695E+12,54732564
376,bybit,FTMUSDT,1,0,0.4456,1,0.4456,1.63236E+12,1243604919
377,bybit,FUNUSDT,100,0,0.005838,1,0.5838,1.70251E+12,63867936
378,bybit,FXSUSDT,0.01,0,9.2735,1,0.092735,1.64903E+12,713618264
379,bybit,GALAUSDT,1,0,0.03352,1,0.03352,1.63642E+12,923828205
380,bybit,GALUSDT,0.01,0,3.3313,1,0.033313,1.65171E+12,349405487
381,bybit,GASUSDT,0.1,0,6.457,1,0.6457,1.69802E+12,429395420
382,bybit,GFTUSDT,1,0,0.02156,1,0.02156,1.67599E+12,21430293
383,bybit,GLMRUSDT,0.1,0,0.4534,1,0.04534,1.6486E+12,377903349
384,bybit,GLMUSDT,1,0,0.40637,1,0.40637,1.69163E+12,401613397
385,bybit,GMTUSDT,1,0,0.2816,1,0.2816,1.64765E+12,492192309
386,bybit,GMXUSDT,0.01,0,52.985,1,0.52985,1.66536E+12,497372561
387,bybit,GODSUSDT,1,0,0.3238,1,0.3238,1.70061E+12,88203478
388,bybit,GPTUSDT,1,0,0.030477,1,0.030477,1.67901E+12,#N/A
389,bybit,GRTUSDT,0.1,0,0.28835,1,0.028835,1.63875E+12,2707122402
390,bybit,GTCUSDT,0.1,0,1.599,1,0.1599,1.63814E+12,105512290
391,bybit,HBARUSDT,1,0,0.11232,1,0.11232,1.63512E+12,3772406019
392,bybit,HFTUSDT,1,0,0.4258,1,0.4258,1.67875E+12,150894232
393,bybit,HIFIUSDT,1,0,0.6866,1,0.6866,1.69318E+12,80262018
394,bybit,HIGHUSDT,0.1,0,1.7996,1,0.17996,1.67659E+12,90336232
395,bybit,HNTUSDT,0.01,0,10.011,1,0.10011,1.64298E+12,1597815438
396,bybit,HOOKUSDT,0.1,0,1.2009,1,0.12009,1.67625E+12,150852619
397,bybit,HOTUSDT,100,0,0.002572,1,0.2572,1.64843E+12,442430594
398,bybit,ICPUSDT,0.1,0,13.269,1,1.3269,1.63166E+12,6075475542
399,bybit,ICXUSDT,1,0,0.2654,1,0.2654,1.64981E+12,259749424
400,bybit,IDEXUSDT,10,0,0.06972,1,0.6972,1.6848E+12,55955676
401,bybit,IDUSDT,1,0,0.60685,1,0.60685,1.67962E+12,293900578
402,bybit,ILVUSDT,0.01,0,113.985,1,1.13985,1.63788E+12,426024749
403,bybit,IMXUSDT,0.1,0,3.4058,1,0.34058,1.63771E+12,4701800331
404,bybit,INJUSDT,0.1,0,37.4095,1,3.74095,1.66069E+12,3478098987
405,bybit,IOSTUSDT,1,0,0.010247,1,0.010247,1.634E+12,217717444
406,bybit,IOTAUSDT,0.1,0,0.2838,1,0.02838,1.64074E+12,891529841
407,bybit,IOTXUSDT,1,0,0.06289,1,0.06289,1.63668E+12,589296088
408,bybit,JASMYUSDT,1,0,0.015969,1,0.015969,1.64255E+12,788655363
409,bybit,JOEUSDT,1,0,0.5755,1,0.5755,1.68005E+12,210989826
410,bybit,JSTUSDT,10,0,0.03394,1,0.3394,1.64575E+12,301345699
411,bybit,JTOUSDT,0.1,0,2.324,1,0.2324,1.70199E+12,271855423
412,bybit,JUPUSDT,1,0,0.5093,1,0.5093,1.70666E+12,680850928
413,bybit,KASUSDT,10,0,0.17322,1,1.7322,1.69111E+12,3936003632
414,bybit,KAVAUSDT,0.1,0,0.8241,1,0.08241,1.64177E+12,888385285
415,bybit,KDAUSDT,0.1,0,1.3029,1,0.13029,1.6473E+12,342805057
416,bybit,KEYUSDT,100,0,0.007625,1,0.7625,1.68532E+12,40436878
417,bybit,KLAYUSDT,0.1,0,0.2345,1,0.02345,1.63909E+12,815931309
418,bybit,KNCUSDT,0.1,0,0.7,1,0.07,1.64177E+12,125454399
419,bybit,KSMUSDT,0.01,0,50.29,1,0.5029,1.634E+12,422574387
420,bybit,LDOUSDT,0.1,0,3.6135,1,0.36135,1.65836E+12,3203585454
421,bybit,LEVERUSDT,100,0,0.001963,1,0.1963,1.68592E+12,56548412
422,bybit,LINAUSDT,10,0,0.010386,1,0.10386,1.65041E+12,62351970
423,bybit,LINKUSDT,0.1,0,19.32,1,1.932,1.60324E+12,11290219865
424,bybit,LITUSDT,0.1,0,1.2541,1,0.12541,1.63814E+12,49460763
425,bybit,LOOKSUSDT,0.1,0,0.09376,1,0.009376,1.64298E+12,93388760
426,bybit,LOOMUSDT,10,0,0.10303,1,1.0303,1.69525E+12,125510325
427,bybit,LPTUSDT,0.1,0,14.323,1,1.4323,1.63935E+12,441382431
428,bybit,LQTYUSDT,0.1,0,1.63,1,0.163,1.67867E+12,154946659
429,bybit,LRCUSDT,0.1,0,0.2926,1,0.02926,1.63659E+12,398293815
430,bybit,LSKUSDT,0.1,0,1.383,1,0.1383,1.70424E+12,177877074
431,bybit,LTCUSDT,0.1,0,74.78,1,7.478,1.60324E+12,5542680638
432,bybit,LUNA2USDT,0.1,0,0.7003,1,0.07003,1.65396E+12,#N/A
433,bybit,MAGICUSDT,1,0,1.3189,1,1.3189,1.67089E+12,340101889
434,bybit,MANAUSDT,0.1,0,0.541,1,0.0541,1.63633E+12,1018416378
435,bybit,MANTAUSDT,0.1,0,3.0196,1,0.30196,1.70554E+12,753367423
436,bybit,MASKUSDT,0.1,0,4.453,1,0.4453,1.63849E+12,425756515
437,bybit,MATICUSDT,1,0,1.0753,1,1.0753,1.62492E+12,10297831372
438,bybit,MAVIAUSDT,0.1,0,7.349,1,0.7349,1.70726E+12,219523942
439,bybit,MAVUSDT,1,0,0.7165,1,0.7165,1.68791E+12,178335688
440,bybit,MBLUSDT,100,0,0.004784,1,0.4784,1.69992E+12,84648716
441,bybit,MBOXUSDT,1,0,0.3782,1,0.3782,1.70562E+12,102229475
442,bybit,MDTUSDT,10,0,0.07765,1,0.7765,1.68808E+12,52245022
443,bybit,MEMEUSDT,10,0,0.03132,1,0.3132,1.69897E+12,325344850
444,bybit,METISUSDT,0.01,0,106.35,1,1.0635,1.70424E+12,554783364
445,bybit,MINAUSDT,0.1,0,1.3472,1,0.13472,1.64929E+12,1420222959
446,bybit,MKRUSDT,0.001,0,2151.3,1,2.1513,1.64488E+12,1975660682
447,bybit,MNTUSDT,1,0,0.9352,1,0.9352,1.6962E+12,3005619938
448,bybit,MOBILEUSDT,100,0,0.003776,1,0.3776,1.70856E+12,307814426
449,bybit,MOVRUSDT,0.1,0,23.423,1,2.3423,1.7007E+12,206953876
450,bybit,MTLUSDT,0.1,0,1.6413,1,0.16413,1.64981E+12,108972445
451,bybit,MULTIUSDT,0.1,0,0.9243,1,0.09243,1.69517E+12,12322514
452,bybit,MYRIAUSDT,10,0,0.011738,1,0.11738,1.7026E+12,191533087
453,bybit,MYROUSDT,1,0,0.0798,1,0.0798,1.70562E+12,74725871
454,bybit,NEARUSDT,0.1,0,4.085,1,0.4085,1.63391E+12,4239663324
455,bybit,NEOUSDT,0.01,0,13.508,1,0.13508,1.6435E+12,948125766
456,bybit,NFPUSDT,0.1,0,0.7395,1,0.07395,1.70364E+12,183847178
457,bybit,NKNUSDT,1,0,0.14301,1,0.14301,1.67694E+12,107616196
458,bybit,NMRUSDT,0.1,0,32.13,1,3.213,1.69379E+12,198652590
459,bybit,NTRNUSDT,1,0,1.8899,1,1.8899,1.6969E+12,526436349
460,bybit,OCEANUSDT,1,0,0.7293,1,0.7293,1.64557E+12,411914471
461,bybit,OGNUSDT,1,0,0.1855,1,0.1855,1.64765E+12,105701780
462,bybit,OGUSDT,0.1,0,5.1711,1,0.51711,1.69318E+12,24738208
463,bybit,OMGUSDT,0.1,0,0.7825,1,0.07825,1.634E+12,109263462
464,bybit,ONDOUSDT,1,0,0.422,1,0.422,1.70597E+12,578683030
465,bybit,ONEUSDT,1,0,0.02358,1,0.02358,1.63512E+12,320905663
466,bybit,ONGUSDT,1,0,0.3544,1,0.3544,1.70113E+12,131145154
467,bybit,ONTUSDT,1,0,0.2711,1,0.2711,1.65447E+12,236732058
468,bybit,OPUSDT,0.1,0,3.9354,1,0.39354,1.65404E+12,3740906185
469,bybit,ORBSUSDT,10,0,0.04007,1,0.4007,1.69716E+12,126584234
470,bybit,ORDIUSDT,0.01,0,69.391,1,0.69391,1.68471E+12,1449177073
471,bybit,OXTUSDT,10,0,0.13603,1,1.3603,1.69163E+12,132891365
472,bybit,PAXGUSDT,0.001,0,2010,1,2.01,1.6473E+12,403559301
473,bybit,PENDLEUSDT,1,0,2.9209,1,2.9209,1.68852E+12,689648026
474,bybit,PEOPLEUSDT,1,0,0.03285,1,0.03285,1.64074E+12,166343449
475,bybit,PERPUSDT,1,0,1.4885,1,1.4885,1.69396E+12,97791199
476,bybit,PHBUSDT,1,0,1.8282,1,1.8282,1.68437E+12,87726536
477,bybit,PIXELUSDT,1,0,0.5773,1,0.5773,1.70839E+12,441300984
478,bybit,POLYXUSDT,1,0,0.197,1,0.197,1.69811E+12,161170137
479,bybit,POWRUSDT,1,0,0.3623,1,0.3623,1.69811E+12,184839377
480,bybit,PROMUSDT,0.1,0,12.297,1,1.2297,1.69387E+12,223248444
481,bybit,PYTHUSDT,1,0,0.6552,1,0.6552,1.70052E+12,909866822
482,bybit,QIUSDT,10,0,0.01851,1,0.1851,1.70234E+12,81587195
483,bybit,QNTUSDT,0.01,0,112.02,1,1.1202,1.68713E+12,1347915713
484,bybit,QTUMUSDT,0.1,0,3.461,1,0.3461,1.63935E+12,360993642
485,bybit,RADUSDT,0.1,0,2.07,1,0.207,1.68618E+12,106322838
486,bybit,RAREUSDT,1,0,0.1479,1,0.1479,1.70104E+12,95739385
487,bybit,RDNTUSDT,1,0,0.3889,1,0.3889,1.68169E+12,176243850
488,bybit,REEFUSDT,10,0,0.001942,1,0.01942,1.64488E+12,44238567
489,bybit,RENUSDT,0.1,0,0.07929,1,0.007929,1.6403E+12,78924957
490,bybit,REQUSDT,1,0,0.11254,1,0.11254,1.63875E+12,112371506
491,bybit,RIFUSDT,1,0,0.2347,1,0.2347,1.69802E+12,232628385
492,bybit,RLCUSDT,0.1,0,3.9733,1,0.39733,1.67944E+12,286851281
493,bybit,RNDRUSDT,0.1,0,7.65445,1,0.765445,1.63832E+12,2870765252
494,bybit,RONUSDT,0.1,0,3.131,1,0.3131,1.70839E+12,927185644
495,bybit,ROSEUSDT,1,0,0.13135,1,0.13135,1.64212E+12,878365656
496,bybit,RPLUSDT,0.01,0,31.635,1,0.31635,1.67763E+12,639713766
497,bybit,RSRUSDT,10,0,0.00361,1,0.0361,1.63832E+12,181762481
498,bybit,RSS3USDT,1,0,0.22374,1,0.22374,1.64557E+12,115506547
499,bybit,RUNEUSDT,0.1,0,5.958,1,0.5958,1.63814E+12,2020844454
500,bybit,RVNUSDT,1,0,0.02652,1,0.02652,1.64143E+12,357651994
501,bybit,SANDUSDT,1,0,0.5463,1,0.5463,1.63572E+12,1216416967
502,bybit,SCRTUSDT,0.1,0,0.5962,1,0.05962,1.6486E+12,161386107
503,bybit,SCUSDT,10,0,0.009873,1,0.09873,1.63832E+12,556252579
504,bybit,SEIUSDT,1,0,0.92546,1,0.92546,1.69214E+12,2339580806
505,bybit,SFPUSDT,0.1,0,0.8225,1,0.08225,1.63788E+12,376048664
506,bybit,SHIB1000USDT,10,0,0.010193,1,0.10193,1.63469E+12,5980314124
507,bybit,SILLYUSDT,1,0,0.0284,1,0.0284,1.70364E+12,28237640
508,bybit,SKLUSDT,1,0,0.09274,1,0.09274,1.64799E+12,476291085
509,bybit,SLPUSDT,10,0,0.004217,1,0.04217,1.63719E+12,174169747
510,bybit,SNTUSDT,10,0,0.0433,1,0.433,1.69888E+12,167362379
511,bybit,SNXUSDT,0.1,0,4.107,1,0.4107,1.63935E+12,1241629133
512,bybit,SOLUSDT,0.1,0,111.838,1,11.1838,1.63426E+12,49135391677
513,bybit,SPELLUSDT,10,0,0.0009667,1,0.009667,1.63935E+12,103652973
514,bybit,SSVUSDT,0.01,0,35.055,1,0.35055,1.67763E+12,347881841
515,bybit,STEEMUSDT,1,0,0.2572,1,0.2572,1.69819E+12,119001565
516,bybit,STGUSDT,0.1,0,0.6786,1,0.06786,1.66147E+12,138017886
517,bybit,STMXUSDT,5,0,0.008387,1,0.041935,1.64843E+12,83657338
518,bybit,STORJUSDT,0.1,0,0.7365,1,0.07365,1.63754E+12,299191658
519,bybit,STPTUSDT,10,0,0.06007,1,0.6007,1.69638E+12,116315429
520,bybit,STRAXUSDT,1,0,1.157,1,1.157,1.69681E+12,185434979
521,bybit,STRKUSDT,0.1,0,1.946,1,0.1946,1.70839E+12,1412291217
522,bybit,STXUSDT,0.1,0,3.08475,1,0.308475,1.63849E+12,4457586356
523,bybit,SUIUSDT,10,0,1.6887,1,16.887,1.68307E+12,1958877071
524,bybit,SUNUSDT,10,0,0.011227,1,0.11227,1.64575E+12,109925179
525,bybit,SUPERUSDT,1,0,1.0998,1,1.0998,1.7007E+12,531787451
526,bybit,SUSHIUSDT,0.1,0,1.5934,1,0.15934,1.63823E+12,366248397
527,bybit,SWEATUSDT,10,0,0.010066,1,0.10066,1.66752E+12,66938892
528,bybit,SXPUSDT,0.1,0,0.3799,1,0.03799,1.63892E+12,225803195
529,bybit,TAOUSDT,0.001,0,589.22,1,0.58922,1.70657E+12,3700255612
530,bybit,THETAUSDT,0.1,0,2.1077,1,0.21077,1.63037E+12,2118524185
531,bybit,TIAUSDT,0.1,0,16.997,1,1.6997,1.69871E+12,2813551282
532,bybit,TLMUSDT,1,0,0.021408,1,0.021408,1.63754E+12,85582585
533,bybit,TOKENUSDT,10,0,0.03762,1,0.3762,1.69897E+12,37624019
534,bybit,TOMIUSDT,0.1,0,1.053,1,0.1053,1.6969E+12,102589720
535,bybit,TONUSDT,0.1,0,2.1524,1,0.21524,1.69344E+12,7431364145
536,bybit,TRBUSDT,0.01,0,117.22,1,1.1722,1.65482E+12,298716881
537,bybit,TRUUSDT,1,0,0.06961,1,0.06961,1.67832E+12,76019224
538,bybit,TRXUSDT,1,0,0.1409,1,0.1409,1.63037E+12,12375316187
539,bybit,TUSDT,10,0,0.03124,1,0.3124,1.67806E+12,298467700
540,bybit,TWTUSDT,0.1,0,1.3431,1,0.13431,1.66873E+12,557522715
541,bybit,UMAUSDT,0.1,0,4.216,1,0.4216,1.68618E+12,329515447
542,bybit,UNFIUSDT,0.1,0,7.279,1,0.7279,1.65387E+12,45529990
543,bybit,UNIUSDT,0.1,0,10.62,1,1.062,1.63823E+12,6327837340
544,bybit,USDCUSDT,0.1,0,1,1,0.1,1.65637E+12,28521472001
545,bybit,USTCUSDT,10,0,0.03666,1,0.3666,1.70104E+12,327421988
546,bybit,VETUSDT,1,0,0.05019,1,0.05019,1.63512E+12,3635653931
547,bybit,VGXUSDT,1,0,0.11366,1,0.11366,1.69085E+12,31657569
548,bybit,VRAUSDT,100,0,0.00762,1,0.762,1.69629E+12,77811160
549,bybit,VTHOUSDT,100,0,0.005141,1,0.5141,1.7083E+12,375208360
550,bybit,WAVESUSDT,0.1,0,2.553,1,0.2553,1.64134E+12,289884714
551,bybit,WAXPUSDT,10,0,0.06681,1,0.6681,1.6969E+12,227440914
552,bybit,WIFUSDT,1,0,0.5367,1,0.5367,1.70493E+12,532762246
553,bybit,WLDUSDT,0.1,0,7.855,1,0.7855,1.69016E+12,1070326475
554,bybit,WOOUSDT,0.1,0,0.5213,1,0.05213,1.63642E+12,949328814
555,bybit,XAIUSDT,1,0,1.4914,1,1.4914,1.70484E+12,411779452
556,bybit,XCNUSDT,10,0,0.002014,1,0.02014,1.6511E+12,54695081
557,bybit,XEMUSDT,1,0,0.03953,1,0.03953,1.63823E+12,353528126
558,bybit,XLMUSDT,1,0,0.11903,1,0.11903,1.63037E+12,3374419257
559,bybit,XMRUSDT,0.01,0,140.52,1,1.4052,1.64212E+12,2392017643
560,bybit,XNOUSDT,1,0,1.1797,1,1.1797,1.66208E+12,157026524
561,bybit,XRDUSDT,10,0,0.04865,1,0.4865,1.70234E+12,502232247
562,bybit,XRPUSDT,1,0,0.5592,1,0.5592,1.62086E+12,30446345474
563,bybit,XTZUSDT,0.1,0,1.1642,1,0.11642,1.60324E+12,1127444955
564,bybit,XVGUSDT,100,0,0.0079325,1,0.79325,1.68852E+12,130299636
565,bybit,XVSUSDT,0.1,0,12.777,1,1.2777,1.69413E+12,200024537
566,bybit,YFIIUSDT,0.001,0,719,1,0.719,1.69214E+12,27662789
567,bybit,YFIUSDT,0.0001,0,8514,1,0.8514,1.63909E+12,283942166
568,bybit,YGGUSDT,0.1,0,0.5786,1,0.05786,1.63763E+12,181205734
569,bybit,ZECUSDT,0.01,0,28.91,1,0.2891,1.63771E+12,469870889
570,bybit,ZENUSDT,0.1,0,10.948,1,1.0948,1.63788E+12,160625492
571,bybit,ZETAUSDT,1,0,2.6013,1,2.6013,1.70675E+12,609636612
572,bybit,ZILUSDT,10,0,0.02622,1,0.2622,1.6435E+12,452851143
573,bybit,ZKFUSDT,10,0,0.00822,1,0.0822,1.70545E+12,#N/A
574,bybit,ZRXUSDT,1,0,0.3771,1,0.3771,1.64843E+12,318030900
575,okx,BTCUSDT,1,0,56403.3,0.01,564.033,1.57784E+12,1.10535E+12
576,okx,ETHUSDT,1,0,3261.02,0.1,326.102,1.57784E+12,3.91116E+11
577,okx,MATICUSDT,1,0,1.0743,10,10.743,1.61724E+12,10297831372
578,okx,XRPUSDT,1,0,0.559,100,55.9,1.57784E+12,30446345474
579,okx,SOLUSDT,1,0,111.68,1,111.68,1.60946E+12,49135391677
580,okx,DOGEUSDT,1,0,0.09024,1000,90.24,1.59356E+12,12916687041
581,okx,WLDUSDT,1,0,7.846,1,7.846,1.68817E+12,1070326475
582,okx,FILUSDT,1,0,8.241,0.1,0.8241,1.59356E+12,4236623642
583,okx,UNIUSDT,1,0,10.61,1,10.61,1.59892E+12,6327837340
584,okx,ORDIUSDT,1,0,69.368,0.1,6.9368,1.6829E+12,1449177073
585,okx,PEPEUSDT,1,0,0.000001936,10000000,19.36,1.6829E+12,778346844
586,okx,STRKUSDT,1,0,1.9432,1,1.9432,1.70675E+12,1412291217
587,okx,1INCHUSDT,1,0,0.4949,1,0.4949,1.60678E+12,563349079
588,okx,AAVEUSDT,1,0,103.96,0.1,10.396,1.60678E+12,1526907559
589,okx,ACEUSDT,1,0,11.51,1,11.51,1.70139E+12,252100216
590,okx,ACHUSDT,1,0,0.02607,100,2.607,1.70675E+12,192136072
591,okx,ADAUSDT,1,0,0.6294,100,62.94,1.58302E+12,22257453199
592,okx,AGIXUSDT,1,0,0.7148,10,7.148,1.6988E+12,892672937
593,okx,AGLDUSDT,1,0,1.48,1,1.48,1.63045E+12,114231994
594,okx,AIDOGEUSDT,1,0,2.231E-10,10000000000,2.231,1.6829E+12,38861881
595,okx,ALGOUSDT,1,0,0.2112,10,2.112,1.58829E+12,1696533730
596,okx,ALPHAUSDT,1,0,0.1436,1,0.1436,1.61456E+12,121311067
597,okx,ANTUSDT,1,0,8.262,1,8.262,1.59624E+12,354496594
598,okx,APEUSDT,1,0,1.973,0.1,0.1973,1.64609E+12,1188721700
599,okx,API3USDT,1,0,4.116,1,4.116,1.64609E+12,354915089
600,okx,APTUSDT,1,0,10.3913,1,10.3913,1.66458E+12,3797843551
601,okx,ARUSDT,1,0,16.525,0.1,1.6525,1.67521E+12,1079908995
602,okx,ARBUSDT,1,0,1.955,10,19.55,1.67763E+12,2474958780
603,okx,ATOMUSDT,1,0,11.363,1,11.363,1.58829E+12,4404745476
604,okx,AUCTIONUSDT,1,0,30.211,0.1,3.0211,1.70139E+12,196094662
605,okx,AVAXUSDT,1,0,39.822,1,39.822,1.59892E+12,14974239818
606,okx,AXSUSDT,1,0,8.743,0.1,0.8743,1.6251E+12,1196696445
607,okx,BADGERUSDT,1,0,4.665,0.1,0.4665,1.60946E+12,86763228
608,okx,BALUSDT,1,0,4.928,0.1,0.4928,1.59892E+12,271255600
609,okx,BANDUSDT,1,0,2.195,1,2.195,1.59892E+12,305323990
610,okx,BATUSDT,1,0,0.2723,10,2.723,1.59624E+12,404447235
611,okx,BCHUSDT,1,0,290.2,0.1,29.02,1.57784E+12,5688165064
612,okx,BICOUSDT,1,0,0.3933,1,0.3933,1.63832E+12,255919248
613,okx,BIGTIMEUSDT,1,0,0.4153,10,4.153,1.69612E+12,196808143
614,okx,BLURUSDT,1,0,0.7685,10,7.685,1.67521E+12,1092051920
615,okx,BNBUSDT,1,0,400.9,0.01,4.009,1.66985E+12,59966398738
616,okx,BNTUSDT,1,0,0.8418,10,8.418,1.60678E+12,111809604
617,okx,BONKUSDT,1,0,0.000013542,100000,1.3542,1.70407E+12,820154994
618,okx,BSVUSDT,1,0,80.91,1,80.91,1.57784E+12,1589826912
619,okx,CELOUSDT,1,0,0.9595,1,0.9595,1.63045E+12,505591178
620,okx,CELUSDT,1,0,0.2039,10,2.039,1.65404E+12,48557880
621,okx,CETUSUSDT,1,0,0.11089,10,1.1089,1.6829E+12,31154683
622,okx,CFXUSDT,1,0,0.254,10,2.54,1.61456E+12,949579607
623,okx,CHZUSDT,1,0,0.13905,10,1.3905,1.61456E+12,1232549982
624,okx,COMPUSDT,1,0,79,0.1,7.9,1.59356E+12,632525913
625,okx,COREUSDT,1,0,0.6502,1,0.6502,1.67521E+12,561789317
626,okx,CROUSDT,1,0,0.09927,10,0.9927,1.61724E+12,2497187717
627,okx,CRVUSDT,1,0,0.6082,1,0.6082,1.59892E+12,682091526
628,okx,CSPRUSDT,1,0,0.03961,1,0.03961,1.61983E+12,468312660
629,okx,CTCUSDT,1,0,0.5566,10,5.566,1.70139E+12,179280540
630,okx,CVCUSDT,1,0,0.1185,100,11.85,1.60678E+12,118644467
631,okx,DMAILUSDT,1,0,0.6809,10,6.809,1.70407E+12,#N/A
632,okx,DOTUSDT,1,0,8.13,1,8.13,1.59624E+12,10416964559
633,okx,DYDXUSDT,1,0,3.418,1,3.418,1.63045E+12,#N/A
634,okx,EGLDUSDT,1,0,61.03,0.1,6.103,1.60678E+12,1618357363
635,okx,ENSUSDT,1,0,22.743,0.1,2.2743,1.63572E+12,695980231
636,okx,EOSUSDT,1,0,0.8201,10,8.201,1.57784E+12,915876303
637,okx,ETCUSDT,1,0,28.42,10,284.2,1.57784E+12,4116556205
638,okx,ETHWUSDT,1,0,3.236,0.1,0.3236,1.66199E+12,347758074
639,okx,FETUSDT,1,0,1.1061,10,11.061,1.6988E+12,913937680
640,okx,FITFIUSDT,1,0,0.007063,10,0.07063,1.65136E+12,17860319
641,okx,FLMUSDT,1,0,0.10052,10,1.0052,1.59892E+12,56521784
642,okx,FLOKIUSDT,1,0,0.0000427,100000,4.27,1.67521E+12,404550842
643,okx,FLOWUSDT,1,0,1.0867,10,10.867,1.6988E+12,1613179238
644,okx,FLRUSDT,1,0,0.05196,100,5.196,1.70675E+12,1800058014
645,okx,FRONTUSDT,1,0,0.6089,10,6.089,1.69612E+12,54732564
646,okx,FTMUSDT,1,0,0.4454,10,4.454,1.61456E+12,1243604919
647,okx,FXSUSDT,1,0,9.261,1,9.261,1.70407E+12,713618264
648,okx,GALAUSDT,1,0,0.03351,10,0.3351,1.63045E+12,923828205
649,okx,GALUSDT,1,0,3.327,1,3.327,1.70407E+12,349405487
650,okx,GASUSDT,1,0,6.45,1,6.45,1.69612E+12,429395420
651,okx,GFTUSDT,1,0,0.02151,100,2.151,1.67521E+12,21430293
652,okx,GMTUSDT,1,0,0.2812,1,0.2812,1.64877E+12,492192309
653,okx,GMXUSDT,1,0,52.93,0.1,5.293,1.67521E+12,497372561
654,okx,GODSUSDT,1,0,0.3231,1,0.3231,1.63572E+12,88203478
655,okx,GRTUSDT,1,0,0.2881,10,2.881,1.60678E+12,2707122402
656,okx,HBARUSDT,1,0,0.11217,100,11.217,1.69085E+12,3772406019
657,okx,ICPUSDT,1,0,13.253,0.01,0.13253,1.61983E+12,6075475542
658,okx,ICXUSDT,1,0,0.2657,10,2.657,1.70675E+12,259749424
659,okx,IDUSDT,1,0,0.6062,10,6.062,1.70139E+12,293900578
660,okx,IMXUSDT,1,0,3.4011,1,3.4011,1.63572E+12,4701800331
661,okx,INJUSDT,1,0,37.342,0.1,3.7342,1.6988E+12,3478098987
662,okx,IOSTUSDT,1,0,0.01023,1000,10.23,1.58829E+12,217717444
663,okx,IOTAUSDT,1,0,0.2834,10,2.834,1.58829E+12,891529841
664,okx,JOEUSDT,1,0,0.5744,10,5.744,1.70407E+12,210989826
665,okx,JSTUSDT,1,0,0.03387,100,3.387,1.59892E+12,301345699
666,okx,JTOUSDT,1,0,2.32,1,2.32,1.70407E+12,271855423
667,okx,JUPUSDT,1,0,0.5086,10,5.086,1.70407E+12,680850928
668,okx,KISHUUSDT,1,0,3.1E-10,1000000000,0.31,1.63572E+12,29001877
669,okx,KLAYUSDT,1,0,0.2341,10,2.341,1.66458E+12,815931309
670,okx,KNCUSDT,1,0,0.6987,1,0.6987,1.59097E+12,125454399
671,okx,KSMUSDT,1,0,50.24,0.1,5.024,1.59892E+12,422574387
672,okx,LDOUSDT,1,0,3.613,1,3.613,1.67521E+12,3203585454
673,okx,LINKUSDT,1,0,19.301,1,19.301,1.58302E+12,11290219865
674,okx,LOOKSUSDT,1,0,0.09354,1,0.09354,1.64367E+12,93388760
675,okx,LPTUSDT,1,0,14.309,0.1,1.4309,1.61724E+12,441382431
676,okx,LQTYUSDT,1,0,1.629,1,1.629,1.70407E+12,154946659
677,okx,LRCUSDT,1,0,0.2921,10,2.921,1.59892E+12,398293815
678,okx,LSKUSDT,1,0,1.38,1,1.38,1.70407E+12,177877074
679,okx,LTCUSDT,1,0,74.72,1,74.72,1.57784E+12,5542680638
680,okx,LUNAUSDT,1,0,0.6997,1,0.6997,1.65136E+12,466936899
681,okx,LUNCUSDT,1,0,0.00013106,10000,1.3106,1.66199E+12,756934410
682,okx,MAGICUSDT,1,0,1.318,1,1.318,1.67521E+12,340101889
683,okx,MANAUSDT,1,0,0.5403,10,5.403,1.61456E+12,1018416378
684,okx,MASKUSDT,1,0,4.449,1,4.449,1.61456E+12,425756515
685,okx,MEMEUSDT,1,0,0.03125,100,3.125,1.6988E+12,325344850
686,okx,METISUSDT,1,0,106.16,0.1,10.616,1.70139E+12,554783364
687,okx,MINAUSDT,1,0,1.3464,1,1.3464,1.62251E+12,1420222959
688,okx,MKRUSDT,1,0,2149.9,0.01,21.499,1.59624E+12,1975660682
689,okx,MOVRUSDT,1,0,23.349,0.1,2.3349,1.70407E+12,206953876
690,okx,NEARUSDT,1,0,4.079,10,40.79,1.60678E+12,4239663324
691,okx,NEOUSDT,1,0,13.497,1,13.497,1.58052E+12,948125766
692,okx,NFTUSDT,1,0,4.469E-07,1000000,0.4469,1.63832E+12,441134337
693,okx,NMRUSDT,1,0,32.05,0.1,3.205,1.70407E+12,198652590
694,okx,OMUSDT,1,0,0.228,10,2.28,1.70675E+12,180718261
695,okx,OMGUSDT,1,0,0.7806,1,0.7806,1.59624E+12,109263462
696,okx,ONEUSDT,1,0,0.02352,100,2.352,1.70675E+12,320905663
697,okx,ONTUSDT,1,0,0.271,10,2.71,1.58829E+12,236732058
698,okx,OPUSDT,1,0,3.9318,1,3.9318,1.65404E+12,3740906185
699,okx,ORBSUSDT,1,0,0.04005,100,4.005,1.69612E+12,126584234
700,okx,PEOPLEUSDT,1,0,0.03279,100,3.279,1.63832E+12,166343449
701,okx,PERPUSDT,1,0,1.4852,1,1.4852,1.61724E+12,97791199
702,okx,PYTHUSDT,1,0,0.6565,10,6.565,1.6988E+12,909866822
703,okx,QTUMUSDT,1,0,3.456,1,3.456,1.58829E+12,360993642
704,okx,RACAUSDT,1,0,0.0001778,10000,1.778,1.69612E+12,62278461
705,okx,RDNTUSDT,1,0,0.3886,10,3.886,1.68031E+12,176243850
706,okx,RENUSDT,1,0,0.0792,10,0.792,1.59892E+12,78924957
707,okx,RNDRUSDT,1,0,7.651,1,7.651,1.69612E+12,2870765252
708,okx,RONUSDT,1,0,3.117,1,3.117,1.70139E+12,927185644
709,okx,RSRUSDT,1,0,0.003599,100,0.3599,1.59892E+12,181762481
710,okx,RVNUSDT,1,0,0.02648,10,0.2648,1.61724E+12,357651994
711,okx,SANDUSDT,1,0,0.5454,10,5.454,1.61724E+12,1216416967
712,okx,SATSUSDT,1,0,5.1178E-07,10000000,5.1178,1.70139E+12,#N/A
713,okx,SHIBUSDT,1,0,0.000010178,1000000,10.178,1.61983E+12,5980314124
714,okx,SLPUSDT,1,0,0.004211,10,0.04211,1.62778E+12,174169747
715,okx,SNXUSDT,1,0,4.1,1,4.1,1.59624E+12,1241629133
716,okx,SPELLUSDT,1,0,0.0009657,10000,9.657,1.70675E+12,103652973
717,okx,SSVUSDT,1,0,34.99,0.1,3.499,1.6988E+12,347881841
718,okx,STARLUSDT,1,0,0.000003039,100000,0.3039,1.63572E+12,30345913
719,okx,STORJUSDT,1,0,0.7353,10,7.353,1.59892E+12,299191658
720,okx,STXUSDT,1,0,3.0789,10,30.789,1.67521E+12,4457586356
721,okx,SUIUSDT,1,0,1.6871,1,1.6871,1.6829E+12,1958877071
722,okx,SUSHIUSDT,1,0,1.5932,1,1.5932,1.59892E+12,366248397
723,okx,SWEATUSDT,1,0,0.010029,100,1.0029,1.66199E+12,66938892
724,okx,TUSDT,1,0,0.03116,100,3.116,1.70675E+12,298467700
725,okx,THETAUSDT,1,0,2.1034,10,21.034,1.59097E+12,2118524185
726,okx,TIAUSDT,1,0,16.966,1,16.966,1.69612E+12,2813551282
727,okx,TONUSDT,1,0,2.147,1,2.147,1.66985E+12,7431364145
728,okx,TRBUSDT,1,0,117.14,0.1,11.714,1.59892E+12,298716881
729,okx,TRXUSDT,1,0,0.14073,1000,140.73,1.57784E+12,12375316187
730,okx,TURBOUSDT,1,0,0.0003682,10000,3.682,1.70139E+12,23476814
731,okx,UMAUSDT,1,0,4.21,0.1,0.421,1.59892E+12,329515447
732,okx,USDCUSDT,1,0,0.9997,10,9.997,1.67763E+12,28521472001
733,okx,USTCUSDT,1,0,0.03662,100,3.662,1.66726E+12,327421988
734,okx,VRAUSDT,1,0,0.007612,1000,7.612,1.69612E+12,77811160
735,okx,WAXPUSDT,1,0,0.06668,100,6.668,1.69612E+12,227440914
736,okx,WOOUSDT,1,0,0.5207,10,5.207,1.67521E+12,949328814
737,okx,XCHUSDT,1,0,38.85,0.01,0.3885,1.61983E+12,388700076
738,okx,XLMUSDT,1,0,0.1188,100,11.88,1.58829E+12,3374419257
739,okx,XTZUSDT,1,0,1.1611,1,1.1611,1.5857E+12,1127444955
740,okx,YFIUSDT,1,0,8501,0.0001,0.8501,1.59892E+12,283942166
741,okx,YGGUSDT,1,0,0.5775,1,0.5775,1.62778E+12,181205734
742,okx,ZETAUSDT,1,0,2.5981,10,25.981,1.70675E+12,609636612
743,okx,ZILUSDT,1,0,0.02617,100,2.617,1.59892E+12,452851143
744,okx,ZRXUSDT,1,0,0.3766,10,3.766,1.59624E+12,318030900
745,bitget,BTCUSDT,0.001,5,56417.9,1,56.4179,1.56194E+12,1.10535E+12
746,bitget,ETHUSDT,0.01,5,3261.39,1,32.6139,1.56462E+12,3.91116E+11
747,bitget,XRPUSDT,1,5,0.55918,1,5,1.56462E+12,30446345474
748,bitget,EOSUSDT,1,5,0.8208,1,5,1.56194E+12,915876303
749,bitget,BCHUSDT,0.01,5,290.04,1,5,1.5673E+12,5688165064
750,bitget,LTCUSDT,0.1,5,74.74,1,7.474,1.56462E+12,5542680638
751,bitget,ADAUSDT,1,5,0.62883,1,5,1.59624E+12,22257453199
752,bitget,ETCUSDT,1,5,28.411,1,28.411,1.56989E+12,4116556205
753,bitget,LINKUSDT,1,5,19.307,1,19.307,1.59624E+12,11290219865
754,bitget,TRXUSDT,1,5,0.14079,1,5,1.59624E+12,12375316187
755,bitget,DOTUSDT,1,5,8.129,1,8.129,1.59624E+12,10416964559
756,bitget,DOGEUSDT,1,5,0.090289,1,5,1.61983E+12,12916687041
757,bitget,SOLUSDT,1,5,111.7488,1,111.7488,1.6251E+12,49135391677
758,bitget,MATICUSDT,1,5,1.0747,1,5,1.6251E+12,10297831372
759,bitget,BNBUSDT,0.01,5,400.46,1,5,1.56194E+12,59966398738
760,bitget,UNIUSDT,1,5,10.6226,1,10.6226,1.59892E+12,6327837340
761,bitget,ICPUSDT,0.01,5,13.249,1,5,1.61983E+12,6075475542
762,bitget,AAVEUSDT,0.1,5,104.01,1,10.401,1.61456E+12,1526907559
763,bitget,FILUSDT,0.1,5,8.243,1,5,1.60151E+12,4236623642
764,bitget,XLMUSDT,1,5,0.11895,1,5,1.61456E+12,3374419257
765,bitget,ATOMUSDT,1,5,11.366,1,11.366,1.60151E+12,4404745476
766,bitget,XTZUSDT,1,5,1.163,1,5,1.59892E+12,1127444955
767,bitget,SUSHIUSDT,1,5,1.5941,1,5,1.59892E+12,366248397
768,bitget,AXSUSDT,0.1,5,8.7449,1,5,1.63045E+12,1196696445
769,bitget,THETAUSDT,1,5,2.1044,1,5,1.63045E+12,2118524185
770,bitget,AVAXUSDT,0.1,5,39.831,1,5,1.63045E+12,14974239818
771,bitget,SHIBUSDT,10000,5,0.000010187,1,5,1.63572E+12,5980314124
772,bitget,MANAUSDT,1,5,0.5403,1,5,1.63832E+12,1018416378
773,bitget,GALAUSDT,1,5,0.03351,1,5,1.63832E+12,923828205
774,bitget,SANDUSDT,1,5,0.5455,1,5,1.63832E+12,1216416967
775,bitget,DYDXUSDT,1,5,3.424,1,5,1.63832E+12,#N/A
776,bitget,CRVUSDT,1,5,0.6083,1,5,1.63832E+12,682091526
777,bitget,NEARUSDT,1,5,4.0885,1,5,1.63832E+12,4239663324
778,bitget,EGLDUSDT,0.1,5,60.97,1,6.097,1.63832E+12,1618357363
779,bitget,KSMUSDT,0.1,5,50.27,1,5.027,1.63832E+12,422574387
780,bitget,ARUSDT,0.1,5,16.52,1,5,1.63832E+12,1079908995
781,bitget,FTMUSDT,1,5,0.4452,1,5,1.641E+12,1243604919
782,bitget,PEOPLEUSDT,80,5,0.03276,1,5,1.64367E+12,166343449
783,bitget,LRCUSDT,6,5,0.2921,1,5,1.64367E+12,398293815
784,bitget,NEOUSDT,0.01,5,13.51,1,5,1.64367E+12,948125766
785,bitget,WAVESUSDT,0.6,5,2.552,1,5,1.64609E+12,289884714
786,bitget,ALGOUSDT,5,5,0.2111,1,5,1.64609E+12,1696533730
787,bitget,IOTAUSDT,6,5,0.2837,1,5,1.64609E+12,891529841
788,bitget,ENJUSDT,3,5,0.3731,1,5,1.64609E+12,512228528
789,bitget,GMTUSDT,1,5,0.281,1,5,1.64877E+12,492192309
790,bitget,ZILUSDT,1,5,0.02615,1,5,1.64877E+12,452851143
791,bitget,IOSTUSDT,1,5,0.010228,1,5,1.64877E+12,217717444
792,bitget,APEUSDT,0.1,5,1.971,1,5,1.64877E+12,1188721700
793,bitget,RUNEUSDT,0.5,5,5.951,1,5,1.64877E+12,2020844454
794,bitget,KNCUSDT,1,5,0.6991,1,5,1.64877E+12,125454399
795,bitget,APTUSDT,0.001,5,10.387,1,5,1.66458E+12,3797843551
796,bitget,CHZUSDT,20,5,0.13935,1,5,1.64877E+12,1232549982
797,bitget,ROSEUSDT,1,5,0.1311,1,5,1.65136E+12,878365656
798,bitget,ZRXUSDT,1,5,0.3767,1,5,1.65136E+12,318030900
799,bitget,KAVAUSDT,0.1,5,0.8231,1,5,1.65136E+12,888385285
800,bitget,ENSUSDT,0.1,5,22.729,1,5,1.65136E+12,695980231
801,bitget,GALUSDT,0.01,5,3.3296,1,5,1.65136E+12,349405487
802,bitget,AUDIOUSDT,1,5,0.2834,1,5,1.64877E+12,338569997
803,bitget,SXPUSDT,0.1,5,0.3795,1,5,1.64877E+12,225803195
804,bitget,C98USDT,0.1,5,0.4022,1,5,1.65136E+12,287322430
805,bitget,OPUSDT,0.1,5,3.9297,1,5,1.65404E+12,3740906185
806,bitget,RSRUSDT,1,5,0.003604,1,5,1.65404E+12,181762481
807,bitget,SNXUSDT,0.1,5,4.102,1,5,1.65663E+12,1241629133
808,bitget,STORJUSDT,0.1,5,0.7352,1,5,1.65663E+12,299191658
809,bitget,1INCHUSDT,0.1,5,0.4952,1,5,1.65663E+12,563349079
810,bitget,COMPUSDT,0.01,5,78.98,1,5,1.65663E+12,632525913
811,bitget,IMXUSDT,0.1,5,3.4002,1,5,1.65663E+12,4701800331
812,bitget,LUNA2USDT,1,5,0.7009,1,5,1.65663E+12,#N/A
813,bitget,FLOWUSDT,0.1,5,1.087,1,5,1.65663E+12,1613179238
814,bitget,QTUMUSDT,0.1,5,3.457,1,5,1.65931E+12,360993642
815,bitget,API3USDT,0.1,5,4.112,1,5,1.65931E+12,354915089
816,bitget,MASKUSDT,0.1,5,4.45,1,5,1.65931E+12,425756515
817,bitget,WOOUSDT,0.1,5,0.52017,1,5,1.65931E+12,949328814
818,bitget,GRTUSDT,0.1,5,0.28854,1,5,1.65931E+12,2707122402
819,bitget,BANDUSDT,0.1,5,2.1991,1,5,1.65931E+12,305323990
820,bitget,STGUSDT,1,5,0.6776,1,5,1.66199E+12,138017886
821,bitget,LUNCUSDT,1,5,0.0001312,1,5,1.66199E+12,756934410
822,bitget,ONEUSDT,1,5,0.0235,1,5,1.66199E+12,320905663
823,bitget,JASMYUSDT,1,5,0.015966,1,5,1.66199E+12,788655363
824,bitget,MKRUSDT,0.001,5,2152.3,1,5,1.66726E+12,1975660682
825,bitget,BATUSDT,0.1,5,0.2724,1,5,1.66726E+12,404447235
826,bitget,MAGICUSDT,0.1,5,1.3203,1,5,1.67521E+12,340101889
827,bitget,ALPHAUSDT,1,5,0.14363,1,5,1.67521E+12,121311067
828,bitget,LDOUSDT,0.1,5,3.6097,1,5,1.67521E+12,3203585454
829,bitget,OCEANUSDT,1,5,0.7282,1,5,1.67521E+12,411914471
830,bitget,CELOUSDT,0.1,5,0.96,1,5,1.67521E+12,505591178
831,bitget,BLURUSDT,0.1,5,0.7679,1,5,1.67521E+12,1092051920
832,bitget,MINAUSDT,0.1,5,1.3467,1,5,1.67521E+12,1420222959
833,bitget,COREUSDT,0.1,5,0.64996,1,5,1.67521E+12,561789317
834,bitget,CFXUSDT,1,5,0.25439,1,5,1.67521E+12,949579607
835,bitget,ASTRUSDT,1,5,0.16636,1,5,1.67521E+12,918824467
836,bitget,AGIXUSDT,1,5,0.715,1,5,1.67521E+12,892672937
837,bitget,GMXUSDT,0.01,5,52.95,1,5,1.67521E+12,497372561
838,bitget,ANKRUSDT,1,5,0.0334,1,5,1.67521E+12,331965626
839,bitget,ACHUSDT,1,5,0.026092,1,5,1.67521E+12,192136072
840,bitget,FETUSDT,1,5,1.1066,1,5,1.67763E+12,913937680
841,bitget,FXSUSDT,0.01,5,9.268,1,5,1.67763E+12,713618264
842,bitget,RNDRUSDT,0.1,5,7.6517,1,5,1.67763E+12,2870765252
843,bitget,HOOKUSDT,0.01,5,1.1977,1,5,1.67763E+12,150852619
844,bitget,BNXUSDT,0.1,5,0.3129,1,5,1.67763E+12,105069636
845,bitget,SSVUSDT,0.01,5,35.07,1,5,1.67763E+12,347881841
846,bitget,USDCUSDT,0.1,5,0.9995,1,5,1.67763E+12,28521472001
847,bitget,LQTYUSDT,0.1,5,1.6301,1,5,1.67763E+12,154946659
848,bitget,STXUSDT,0.1,5,3.0825,1,5,1.67763E+12,4457586356
849,bitget,TRUUSDT,1,5,0.06948,1,5,1.67763E+12,76019224
850,bitget,HBARUSDT,1,5,0.11209,1,5,1.67763E+12,3772406019
851,bitget,INJUSDT,0.1,5,37.345,1,5,1.67763E+12,3478098987
852,bitget,BELUSDT,1,5,0.7739,1,5,1.67763E+12,50239433
853,bitget,COTIUSDT,1,5,0.25961,1,5,1.67763E+12,398842839
854,bitget,VETUSDT,1,5,0.05011,1,5,1.67763E+12,3635653931
855,bitget,ARBUSDT,0.01,5,1.9549,1,5,1.67763E+12,2474958780
856,bitget,LOOKSUSDT,0.1,5,0.0934,1,5,1.67763E+12,93388760
857,bitget,KLAYUSDT,0.1,5,0.2346,1,5,1.67763E+12,815931309
858,bitget,FLMUSDT,1,5,0.1008,1,5,1.67763E+12,56521784
859,bitget,OMGUSDT,0.1,5,0.7816,1,5,1.67763E+12,109263462
860,bitget,CKBUSDT,1,5,0.015317,1,5,1.67763E+12,670517952
861,bitget,IDUSDT,0.01,5,0.606,1,5,1.67763E+12,293900578
862,bitget,LITUSDT,0.1,5,1.252,1,5,1.67763E+12,49460763
863,bitget,JOEUSDT,0.1,5,0.575,1,5,1.67763E+12,210989826
864,bitget,TLMUSDT,1,5,0.02139,1,5,1.68031E+12,85582585
865,bitget,HOTUSDT,1,5,0.002573,1,5,1.68031E+12,442430594
866,bitget,CHRUSDT,0.1,5,0.437,1,5,1.68031E+12,342706937
867,bitget,RDNTUSDT,1,5,0.3886,1,5,1.68031E+12,176243850
868,bitget,ICXUSDT,1,5,0.2652,1,5,1.68031E+12,259749424
869,bitget,ONTUSDT,0.1,5,0.271,1,5,1.68031E+12,236732058
870,bitget,UNFIUSDT,0.1,5,7.268,1,5,1.68031E+12,45529990
871,bitget,NKNUSDT,1,5,0.14282,1,5,1.68031E+12,107616196
872,bitget,ARPAUSDT,1,5,0.06998,1,5,1.68031E+12,86861149
873,bitget,DARUSDT,0.1,5,0.2203,1,5,1.68031E+12,100673865
874,bitget,SFPUSDT,0.1,5,0.8214,1,5,1.68031E+12,376048664
875,bitget,SKLUSDT,1,5,0.0926,1,5,1.68031E+12,476291085
876,bitget,RVNUSDT,1,5,0.02648,1,5,1.68031E+12,357651994
877,bitget,CELRUSDT,1,5,0.02699,1,5,1.6829E+12,208805233
878,bitget,FLOKIUSDT,1,5,0.00004278,1,5,1.6829E+12,404550842
879,bitget,SPELLUSDT,1,5,0.0009664,1,5,1.6829E+12,103652973
880,bitget,SUIUSDT,0.1,5,1.68703,1,5,1.6829E+12,1958877071
881,bitget,EDUUSDT,0.1,5,0.8562,1,5,1.6829E+12,232788047
882,bitget,PEPEUSDT,1000,5,0.000001939,1,5,1.6829E+12,778346844
883,bitget,IOTXUSDT,1,5,0.06273,1,5,1.6829E+12,589296088
884,bitget,CTKUSDT,0.1,5,0.8058,1,5,1.6829E+12,105684180
885,bitget,STMXUSDT,1,5,0.00839,1,5,1.6829E+12,83657338
886,bitget,UMAUSDT,0.1,5,4.207,1,5,1.6829E+12,329515447
887,bitget,BSVUSDT,0.01,5,80.85,1,5,1.6829E+12,1589826912
888,bitget,TONUSDT,0.1,5,2.152,1,5,1.6829E+12,7431364145
889,bitget,GTCUSDT,0.1,5,1.597,1,5,1.6829E+12,105512290
890,bitget,DENTUSDT,1,5,0.001577,1,5,1.6829E+12,157244772
891,bitget,ORDIUSDT,0.01,5,69.311,1,5,1.6829E+12,1449177073
892,bitget,KEYUSDT,1,5,0.007617,1,5,1.6829E+12,40436878
893,bitget,IDEXUSDT,1,5,0.06955,1,5,1.6829E+12,55955676
894,bitget,SLPUSDT,1,5,0.004211,1,5,1.6829E+12,174169747
895,bitget,COMBOUSDT,0.1,5,0.9089,1,5,1.68558E+12,64336427
896,bitget,LEVERUSDT,1,5,0.001964,1,5,1.68031E+12,56548412
897,bitget,RADUSDT,0.1,5,2.069,1,5,1.68558E+12,106322838
898,bitget,QNTUSDT,0.01,5,111.85,1,5,1.68558E+12,1347915713
899,bitget,MAVUSDT,0.01,5,0.7158,1,5,1.68558E+12,178335688
900,bitget,MDTUSDT,0.1,5,0.07747,1,5,1.68558E+12,52245022
901,bitget,XVGUSDT,1,5,0.007947,1,5,1.68817E+12,130299636
902,bitget,1000XECUSDT,1,5,0.03553,1,5,1.68817E+12,696253759
903,bitget,AGLDUSDT,0.1,5,1.4807,1,5,1.68817E+12,114231994
904,bitget,WLDUSDT,1,5,7.8354,1,7.8354,1.68817E+12,1070326475
905,bitget,PENDLEUSDT,1,5,2.9147,1,5,1.68817E+12,689648026
906,bitget,ARKMUSDT,1,5,1.6405,1,5,1.68817E+12,244643294
907,bitget,CVXUSDT,0.01,5,5.009,1,5,1.69085E+12,467273055
908,bitget,YGGUSDT,0.1,5,0.5781,1,5,1.69085E+12,181205734
909,bitget,OGNUSDT,1,5,0.1851,1,5,1.69085E+12,105701780
910,bitget,LPTUSDT,0.1,5,14.302,1,5,1.69085E+12,441382431
911,bitget,BNTUSDT,1,5,0.8425,1,5,1.69085E+12,111809604
912,bitget,SEIUSDT,1,5,0.92384,1,5,1.69085E+12,2339580806
913,bitget,CYBERUSDT,0.1,5,9.213,1,5,1.69085E+12,181167039
914,bitget,BAKEUSDT,0.1,5,0.4316,1,5,1.69085E+12,124823922
915,bitget,GLMRUSDT,0.1,5,0.4532,1,5,1.69353E+12,377903349
916,bitget,LOOMUSDT,1,5,0.1027,1,5,1.69612E+12,125510325
917,bitget,BIGTIMEUSDT,1,5,0.4155,1,5,1.69612E+12,196808143
918,bitget,ORBSUSDT,1,5,0.04005,1,5,1.69612E+12,126584234
919,bitget,WAXPUSDT,1,5,0.06671,1,5,1.69612E+12,227440914
920,bitget,POLYXUSDT,1,5,0.1969,1,5,1.69612E+12,161170137
921,bitget,TIAUSDT,0.1,5,16.9501,1,5,1.6988E+12,2813551282
922,bitget,MEMEUSDT,1,5,0.031299,1,5,1.6988E+12,325344850
923,bitget,PYTHUSDT,1,5,0.6578,1,5,1.6988E+12,909866822
924,bitget,JTOUSDT,1,5,2.3241,1,5,1.70139E+12,271855423
925,bitget,1000SATSUSDT,1,5,0.0005132,1,5,1.70139E+12,#N/A
926,bitget,1000RATSUSDT,1,5,0.2748,1,5,1.70139E+12,#N/A
927,bitget,ACEUSDT,0.01,5,11.5084,1,5,1.70139E+12,252100216
928,bitget,XAIUSDT,1,5,1.4906,1,5,1.70407E+12,411779452
929,bitget,MANTAUSDT,0.1,5,3.0183,1,5,1.70407E+12,753367423
930,bitget,ALTUSDT,1,5,0.568,1,5,1.70407E+12,545336613
931,bitget,JUPUSDT,1,5,0.5089,1,5,1.70675E+12,680850928
932,bitget,ZETAUSDT,1,5,2.6024,1,5,1.70675E+12,609636612
933,bitget,STRKUSDT,0.1,5,1.9443,1,5,1.70675E+12,1412291217
934,bitget,PIXELUSDT,1,5,0.5773,1,5,1.70675E+12,441300984
